<?xml version="1.0" encoding="UTF-8"?><?xml-stylesheet type='text/xsl' href='_UpgradeReport_Files/UpgradeReport.xslt'?><UpgradeLog>
<Properties><Property Name="Solution" Value="Port_Scanner">
</Property><Property Name="Solution File" Value="C:\Users\tsmith\Downloads\Port_Scanner\Port_Scanner\Port_Scanner.sln">
</Property><Property Name="User Options File" Value="C:\Users\tsmith\Downloads\Port_Scanner\Port_Scanner\Port_Scanner.suo">
</Property><Property Name="Date" Value="Thursday, July 08, 2010">
</Property><Property Name="Time" Value="8:52 AM">
</Property></Properties><Event ErrorLevel="0" Project="" Source="Port_Scanner.sln" Description="File successfully backed up as C:\Users\tsmith\Downloads\Port_Scanner\Port_Scanner\Backup\Port_Scanner.sln">
</Event><Event ErrorLevel="0" Project="" Source="Port_Scanner.suo" Description="File successfully backed up as C:\Users\tsmith\Downloads\Port_Scanner\Port_Scanner\Backup\Port_Scanner.suo">
</Event><Event ErrorLevel="0" Project="Port_Scanner" Source="Port_Scanner\Port_Scanner.csproj" Description="Project file successfully backed up as C:\Users\tsmith\Downloads\Port_Scanner\Port_Scanner\Backup\Port_Scanner\Port_Scanner.csproj">
</Event><Event ErrorLevel="0" Project="Port_Scanner" Source="Port_Scanner\Port_Scanner.csproj.user" Description="Project user file successfully backed up as C:\Users\tsmith\Downloads\Port_Scanner\Port_Scanner\Backup\Port_Scanner\Port_Scanner.csproj.user">
</Event><Event ErrorLevel="0" Project="Port_Scanner" Source="Port_Scanner\Evil_Smitty.cs" Description="File successfully backed up as C:\Users\tsmith\Downloads\Port_Scanner\Port_Scanner\Backup\Port_Scanner\Evil_Smitty.cs">
</Event><Event ErrorLevel="0" Project="Port_Scanner" Source="Port_Scanner\Network.cs" Description="File successfully backed up as C:\Users\tsmith\Downloads\Port_Scanner\Port_Scanner\Backup\Port_Scanner\Network.cs">
</Event><Event ErrorLevel="0" Project="Port_Scanner" Source="Port_Scanner\port_scanner.cs" Description="File successfully backed up as C:\Users\tsmith\Downloads\Port_Scanner\Port_Scanner\Backup\Port_Scanner\port_scanner.cs">
</Event><Event ErrorLevel="0" Project="Port_Scanner" Source="Port_Scanner\Program.cs" Description="File successfully backed up as C:\Users\tsmith\Downloads\Port_Scanner\Port_Scanner\Backup\Port_Scanner\Program.cs">
</Event><Event ErrorLevel="0" Project="Port_Scanner" Source="Port_Scanner\Properties\AssemblyInfo.cs" Description="File successfully backed up as C:\Users\tsmith\Downloads\Port_Scanner\Port_Scanner\Backup\Port_Scanner\Properties\AssemblyInfo.cs">
</Event><Event ErrorLevel="0" Project="Port_Scanner" Source="Port_Scanner\UserInterface\ConsoleApplication.cs" Description="File successfully backed up as C:\Users\tsmith\Downloads\Port_Scanner\Port_Scanner\Backup\Port_Scanner\UserInterface\ConsoleApplication.cs">
</Event><Event ErrorLevel="0" Project="Port_Scanner" Source="Port_Scanner\Validation\Validation.cs" Description="File successfully backed up as C:\Users\tsmith\Downloads\Port_Scanner\Port_Scanner\Backup\Port_Scanner\Validation\Validation.cs">
</Event><Event ErrorLevel="0" Project="Port_Scanner" Source="Port_Scanner\Port_Scanner.csproj" Description="Project converted successfully">
</Event><Event ErrorLevel="3" Project="Port_Scanner" Source="Port_Scanner\Port_Scanner.csproj" Description="Converted">
</Event><Event ErrorLevel="0" Project="" Source="Port_Scanner.sln" Description="Solution converted successfully">
</Event><Event ErrorLevel="3" Project="" Source="Port_Scanner.sln" Description="Converted">
</Event><Event ErrorLevel="0" Project="Port_Scanner" Source="Port_Scanner\Port_Scanner.csproj" Description="Scan complete: Upgrade not required for project files.">
</Event></UpgradeLog>